{
	"credit": "Made with Blockbench",
	"textures": {
		"0": "block/purple_concrete",
		"1": "block/red_sandstone_top",
		"2": "block/anvil",
		"particle": "block/purple_concrete"
	},
	"elements": [
		{
			"from": [4.4, 0.2, 4.4],
			"to": [11.6, 1.4, 11.6],
			"faces": {
				"north": {"uv": [0, 0, 12, 2], "texture": "#1"},
				"east": {"uv": [0, 0, 12, 2], "texture": "#1"},
				"south": {"uv": [0, 0, 12, 2], "texture": "#1"},
				"west": {"uv": [0, 0, 12, 2], "texture": "#1"},
				"up": {"uv": [0, 0, 12, 12], "texture": "#1"},
				"down": {"uv": [0, 0, 12, 12], "texture": "#1"}
			}
		},
		{
			"from": [7.4, 1.4, 6.2],
			"to": [8.6, 2.6, 9.8],
			"faces": {
				"north": {"uv": [0, 0, 2, 2], "texture": "#0"},
				"east": {"uv": [0, 0, 6, 2], "texture": "#0"},
				"south": {"uv": [0, 0, 2, 2], "texture": "#0"},
				"west": {"uv": [0, 0, 6, 2], "texture": "#0"},
				"up": {"uv": [0, 0, 2, 6], "texture": "#0"},
				"down": {"uv": [0, 0, 2, 6], "texture": "#0"}
			}
		},
		{
			"from": [7.4, 2.6, 5.6],
			"to": [8.6, 3.8, 10.4],
			"faces": {
				"north": {"uv": [0, 0, 2, 2], "texture": "#0"},
				"east": {"uv": [0, 0, 8, 2], "texture": "#0"},
				"south": {"uv": [0, 0, 2, 2], "texture": "#0"},
				"west": {"uv": [0, 0, 8, 2], "texture": "#0"},
				"up": {"uv": [0, 0, 2, 8], "texture": "#0"},
				"down": {"uv": [0, 0, 2, 8], "texture": "#0"}
			}
		},
		{
			"from": [7.4, 3.8, 5],
			"to": [8.6, 5, 11],
			"faces": {
				"north": {"uv": [0, 0, 2, 2], "texture": "#0"},
				"east": {"uv": [0, 0, 10, 2], "texture": "#0"},
				"south": {"uv": [0, 0, 2, 2], "texture": "#0"},
				"west": {"uv": [0, 0, 10, 2], "texture": "#0"},
				"up": {"uv": [0, 0, 2, 10], "texture": "#0"},
				"down": {"uv": [0, 0, 2, 10], "texture": "#0"}
			}
		},
		{
			"from": [7.4, 5, 4.4],
			"to": [8.6, 6.2, 11.6],
			"faces": {
				"north": {"uv": [0, 0, 2, 2], "texture": "#0"},
				"east": {"uv": [0, 0, 12, 2], "texture": "#0"},
				"south": {"uv": [0, 0, 2, 2], "texture": "#0"},
				"west": {"uv": [0, 0, 12, 2], "texture": "#0"},
				"up": {"uv": [0, 0, 2, 12], "texture": "#0"},
				"down": {"uv": [0, 0, 2, 12], "texture": "#0"}
			}
		},
		{
			"from": [7.4, 6.2, 3.8],
			"to": [8.6, 7.4, 12.2],
			"faces": {
				"north": {"uv": [0, 0, 2, 2], "texture": "#0"},
				"east": {"uv": [0, 0, 14, 2], "texture": "#0"},
				"south": {"uv": [0, 0, 2, 2], "texture": "#0"},
				"west": {"uv": [0, 0, 14, 2], "texture": "#0"},
				"up": {"uv": [0, 0, 2, 14], "texture": "#0"},
				"down": {"uv": [0, 0, 2, 14], "texture": "#0"}
			}
		},
		{
			"from": [7.4, 7.4, 3.2],
			"to": [8.6, 10.4, 12.8],
			"faces": {
				"north": {"uv": [0, 0, 2, 5], "texture": "#0"},
				"east": {"uv": [0, 0, 16, 5], "texture": "#0"},
				"south": {"uv": [0, 0, 2, 5], "texture": "#0"},
				"west": {"uv": [0, 0, 16, 5], "texture": "#0"},
				"up": {"uv": [0, 0, 2, 16], "texture": "#0"},
				"down": {"uv": [0, 0, 2, 16], "texture": "#0"}
			}
		},
		{
			"from": [7.4, 10.4, 3.8],
			"to": [8.6, 11, 12.2],
			"faces": {
				"north": {"uv": [0, 0, 2, 1], "texture": "#0"},
				"east": {"uv": [0, 0, 14, 1], "texture": "#0"},
				"south": {"uv": [0, 0, 2, 1], "texture": "#0"},
				"west": {"uv": [0, 0, 14, 1], "texture": "#0"},
				"up": {"uv": [0, 0, 2, 14], "texture": "#0"},
				"down": {"uv": [0, 0, 2, 14], "texture": "#0"}
			}
		},
		{
			"from": [7.4, 11, 4.4],
			"to": [8.6, 11.6, 11.6],
			"faces": {
				"north": {"uv": [0, 0, 2, 1], "texture": "#0"},
				"east": {"uv": [0, 0, 12, 1], "texture": "#0"},
				"south": {"uv": [0, 0, 2, 1], "texture": "#0"},
				"west": {"uv": [0, 0, 12, 1], "texture": "#0"},
				"up": {"uv": [0, 0, 2, 12], "texture": "#0"},
				"down": {"uv": [0, 0, 2, 12], "texture": "#0"}
			}
		},
		{
			"from": [7.4, 11.6, 5.6],
			"to": [8.6, 12.2, 10.4],
			"faces": {
				"north": {"uv": [0, 0, 2, 1], "texture": "#0"},
				"east": {"uv": [0, 0, 8, 1], "texture": "#0"},
				"south": {"uv": [0, 0, 2, 1], "texture": "#0"},
				"west": {"uv": [0, 0, 8, 1], "texture": "#0"},
				"up": {"uv": [0, 0, 2, 8], "texture": "#0"},
				"down": {"uv": [0, 0, 2, 8], "texture": "#0"}
			}
		},
		{
			"from": [6.2, 12.2, 6.2],
			"to": [9.8, 15.2, 9.8],
			"faces": {
				"north": {"uv": [0, 0, 2, 1], "texture": "#0"},
				"east": {"uv": [0, 0, 8, 1], "texture": "#0"},
				"south": {"uv": [0, 0, 2, 1], "texture": "#0"},
				"west": {"uv": [0, 0, 8, 1], "texture": "#0"},
				"up": {"uv": [0, 0, 2, 8], "texture": "#2"},
				"down": {"uv": [0, 0, 2, 8], "texture": "#0"}
			}
		},
		{
			"from": [7.4, 13.4, 5.6],
			"to": [8.6, 14, 6.2],
			"faces": {
				"north": {"uv": [0, 0, 2, 1], "texture": "#1"},
				"east": {"uv": [0, 0, 1, 1], "texture": "#1"},
				"south": {"uv": [0, 0, 2, 1], "texture": "#1"},
				"west": {"uv": [0, 0, 1, 1], "texture": "#1"},
				"up": {"uv": [0, 0, 2, 1], "texture": "#1"},
				"down": {"uv": [0, 0, 2, 1], "texture": "#1"}
			}
		},
		{
			"from": [7.4, 12.8, 5],
			"to": [8.6, 13.4, 5.6],
			"faces": {
				"north": {"uv": [0, 0, 2, 1], "texture": "#1"},
				"east": {"uv": [0, 0, 1, 1], "texture": "#1"},
				"south": {"uv": [0, 0, 2, 1], "texture": "#1"},
				"west": {"uv": [0, 0, 1, 1], "texture": "#1"},
				"up": {"uv": [0, 0, 2, 1], "texture": "#1"},
				"down": {"uv": [0, 0, 2, 1], "texture": "#1"}
			}
		},
		{
			"from": [7.4, 12.2, 4.4],
			"to": [8.6, 12.8, 5],
			"faces": {
				"north": {"uv": [0, 0, 2, 1], "texture": "#1"},
				"east": {"uv": [0, 0, 1, 1], "texture": "#1"},
				"south": {"uv": [0, 0, 2, 1], "texture": "#1"},
				"west": {"uv": [0, 0, 1, 1], "texture": "#1"},
				"up": {"uv": [0, 0, 2, 1], "texture": "#1"},
				"down": {"uv": [0, 0, 2, 1], "texture": "#1"}
			}
		},
		{
			"from": [7.4, 12.8, 3.8],
			"to": [8.6, 13.4, 4.4],
			"faces": {
				"north": {"uv": [0, 0, 2, 1], "texture": "#1"},
				"east": {"uv": [0, 0, 1, 1], "texture": "#1"},
				"south": {"uv": [0, 0, 2, 1], "texture": "#1"},
				"west": {"uv": [0, 0, 1, 1], "texture": "#1"},
				"up": {"uv": [0, 0, 2, 1], "texture": "#1"},
				"down": {"uv": [0, 0, 2, 1], "texture": "#1"}
			}
		},
		{
			"from": [7.4, 14, 3.2],
			"to": [8.6, 14.6, 5.6],
			"faces": {
				"north": {"uv": [0, 0, 2, 1], "texture": "#1"},
				"east": {"uv": [0, 0, 4, 1], "texture": "#1"},
				"south": {"uv": [0, 0, 2, 1], "texture": "#1"},
				"west": {"uv": [0, 0, 4, 1], "texture": "#1"},
				"up": {"uv": [0, 0, 2, 4], "texture": "#1"},
				"down": {"uv": [0, 0, 2, 4], "texture": "#1"}
			}
		},
		{
			"from": [7.4, 13.4, 2.6],
			"to": [8.6, 14, 3.2],
			"faces": {
				"north": {"uv": [0, 0, 2, 1], "texture": "#1"},
				"east": {"uv": [0, 0, 1, 1], "texture": "#1"},
				"south": {"uv": [0, 0, 2, 1], "texture": "#1"},
				"west": {"uv": [0, 0, 1, 1], "texture": "#1"},
				"up": {"uv": [0, 0, 2, 1], "texture": "#1"},
				"down": {"uv": [0, 0, 2, 1], "texture": "#1"}
			}
		},
		{
			"from": [7.4, 12.8, 2],
			"to": [8.6, 13.4, 2.6],
			"faces": {
				"north": {"uv": [0, 0, 2, 1], "texture": "#1"},
				"east": {"uv": [0, 0, 1, 1], "texture": "#1"},
				"south": {"uv": [0, 0, 2, 1], "texture": "#1"},
				"west": {"uv": [0, 0, 1, 1], "texture": "#1"},
				"up": {"uv": [0, 0, 2, 1], "texture": "#1"},
				"down": {"uv": [0, 0, 2, 1], "texture": "#1"}
			}
		},
		{
			"from": [7.4, 12.2, 1.4],
			"to": [8.6, 12.8, 2],
			"faces": {
				"north": {"uv": [0, 0, 2, 1], "texture": "#1"},
				"east": {"uv": [0, 0, 1, 1], "texture": "#1"},
				"south": {"uv": [0, 0, 2, 1], "texture": "#1"},
				"west": {"uv": [0, 0, 1, 1], "texture": "#1"},
				"up": {"uv": [0, 0, 2, 1], "texture": "#1"},
				"down": {"uv": [0, 0, 2, 1], "texture": "#1"}
			}
		},
		{
			"from": [7.4, 11, 0.8],
			"to": [8.6, 12.2, 1.4],
			"faces": {
				"north": {"uv": [0, 0, 2, 2], "texture": "#1"},
				"east": {"uv": [0, 0, 1, 2], "texture": "#1"},
				"south": {"uv": [0, 0, 2, 2], "texture": "#1"},
				"west": {"uv": [0, 0, 1, 2], "texture": "#1"},
				"up": {"uv": [0, 0, 2, 1], "texture": "#1"},
				"down": {"uv": [0, 0, 2, 1], "texture": "#1"}
			}
		},
		{
			"from": [7.4, 10.4, 1.4],
			"to": [8.6, 11, 2],
			"faces": {
				"north": {"uv": [0, 0, 2, 1], "texture": "#1"},
				"east": {"uv": [0, 0, 1, 1], "texture": "#1"},
				"south": {"uv": [0, 0, 2, 1], "texture": "#1"},
				"west": {"uv": [0, 0, 1, 1], "texture": "#1"},
				"up": {"uv": [0, 0, 2, 1], "texture": "#1"},
				"down": {"uv": [0, 0, 2, 1], "texture": "#1"}
			}
		},
		{
			"from": [7.4, 9.8, 2],
			"to": [8.6, 10.4, 3.2],
			"faces": {
				"north": {"uv": [0, 0, 2, 1], "texture": "#1"},
				"east": {"uv": [0, 0, 2, 1], "texture": "#1"},
				"south": {"uv": [0, 0, 2, 1], "texture": "#1"},
				"west": {"uv": [0, 0, 2, 1], "texture": "#1"},
				"up": {"uv": [0, 0, 2, 2], "texture": "#1"},
				"down": {"uv": [0, 0, 2, 2], "texture": "#1"}
			}
		},
		{
			"from": [7.4, 13.4, 9.8],
			"to": [8.6, 14, 10.4],
			"faces": {
				"north": {"uv": [0, 0, 2, 1], "texture": "#1"},
				"east": {"uv": [0, 0, 1, 1], "texture": "#1"},
				"south": {"uv": [0, 0, 2, 1], "texture": "#1"},
				"west": {"uv": [0, 0, 1, 1], "texture": "#1"},
				"up": {"uv": [0, 0, 2, 1], "texture": "#1"},
				"down": {"uv": [0, 0, 2, 1], "texture": "#1"}
			}
		},
		{
			"from": [7.4, 12.8, 10.4],
			"to": [8.6, 13.4, 11],
			"faces": {
				"north": {"uv": [0, 0, 2, 1], "texture": "#1"},
				"east": {"uv": [0, 0, 1, 1], "texture": "#1"},
				"south": {"uv": [0, 0, 2, 1], "texture": "#1"},
				"west": {"uv": [0, 0, 1, 1], "texture": "#1"},
				"up": {"uv": [0, 0, 2, 1], "texture": "#1"},
				"down": {"uv": [0, 0, 2, 1], "texture": "#1"}
			}
		},
		{
			"from": [7.4, 12.2, 11],
			"to": [8.6, 12.8, 11.6],
			"faces": {
				"north": {"uv": [0, 0, 2, 1], "texture": "#1"},
				"east": {"uv": [0, 0, 1, 1], "texture": "#1"},
				"south": {"uv": [0, 0, 2, 1], "texture": "#1"},
				"west": {"uv": [0, 0, 1, 1], "texture": "#1"},
				"up": {"uv": [0, 0, 2, 1], "texture": "#1"},
				"down": {"uv": [0, 0, 2, 1], "texture": "#1"}
			}
		},
		{
			"from": [7.4, 12.8, 11.6],
			"to": [8.6, 13.4, 12.2],
			"faces": {
				"north": {"uv": [0, 0, 2, 1], "texture": "#1"},
				"east": {"uv": [0, 0, 1, 1], "texture": "#1"},
				"south": {"uv": [0, 0, 2, 1], "texture": "#1"},
				"west": {"uv": [0, 0, 1, 1], "texture": "#1"},
				"up": {"uv": [0, 0, 2, 1], "texture": "#1"},
				"down": {"uv": [0, 0, 2, 1], "texture": "#1"}
			}
		},
		{
			"from": [7.4, 14, 10.4],
			"to": [8.6, 14.6, 12.8],
			"faces": {
				"north": {"uv": [0, 0, 2, 1], "texture": "#1"},
				"east": {"uv": [0, 0, 4, 1], "texture": "#1"},
				"south": {"uv": [0, 0, 2, 1], "texture": "#1"},
				"west": {"uv": [0, 0, 4, 1], "texture": "#1"},
				"up": {"uv": [0, 0, 2, 4], "texture": "#1"},
				"down": {"uv": [0, 0, 2, 4], "texture": "#1"}
			}
		},
		{
			"from": [7.4, 13.4, 12.8],
			"to": [8.6, 14, 13.4],
			"faces": {
				"north": {"uv": [0, 0, 2, 1], "texture": "#1"},
				"east": {"uv": [0, 0, 1, 1], "texture": "#1"},
				"south": {"uv": [0, 0, 2, 1], "texture": "#1"},
				"west": {"uv": [0, 0, 1, 1], "texture": "#1"},
				"up": {"uv": [0, 0, 2, 1], "texture": "#1"},
				"down": {"uv": [0, 0, 2, 1], "texture": "#1"}
			}
		},
		{
			"from": [7.4, 12.8, 13.4],
			"to": [8.6, 13.4, 14],
			"faces": {
				"north": {"uv": [0, 0, 2, 1], "texture": "#1"},
				"east": {"uv": [0, 0, 1, 1], "texture": "#1"},
				"south": {"uv": [0, 0, 2, 1], "texture": "#1"},
				"west": {"uv": [0, 0, 1, 1], "texture": "#1"},
				"up": {"uv": [0, 0, 2, 1], "texture": "#1"},
				"down": {"uv": [0, 0, 2, 1], "texture": "#1"}
			}
		},
		{
			"from": [7.4, 12.2, 14],
			"to": [8.6, 12.8, 14.6],
			"faces": {
				"north": {"uv": [0, 0, 2, 1], "texture": "#1"},
				"east": {"uv": [0, 0, 1, 1], "texture": "#1"},
				"south": {"uv": [0, 0, 2, 1], "texture": "#1"},
				"west": {"uv": [0, 0, 1, 1], "texture": "#1"},
				"up": {"uv": [0, 0, 2, 1], "texture": "#1"},
				"down": {"uv": [0, 0, 2, 1], "texture": "#1"}
			}
		},
		{
			"from": [7.4, 11, 14.6],
			"to": [8.6, 12.2, 15.2],
			"faces": {
				"north": {"uv": [0, 0, 2, 2], "texture": "#1"},
				"east": {"uv": [0, 0, 1, 2], "texture": "#1"},
				"south": {"uv": [0, 0, 2, 2], "texture": "#1"},
				"west": {"uv": [0, 0, 1, 2], "texture": "#1"},
				"up": {"uv": [0, 0, 2, 1], "texture": "#1"},
				"down": {"uv": [0, 0, 2, 1], "texture": "#1"}
			}
		},
		{
			"from": [7.4, 9.8, 12.8],
			"to": [8.6, 10.4, 14],
			"faces": {
				"north": {"uv": [0, 0, 2, 1], "texture": "#1"},
				"east": {"uv": [0, 0, 2, 1], "texture": "#1"},
				"south": {"uv": [0, 0, 2, 1], "texture": "#1"},
				"west": {"uv": [0, 0, 2, 1], "texture": "#1"},
				"up": {"uv": [0, 0, 2, 2], "texture": "#1"},
				"down": {"uv": [0, 0, 2, 2], "texture": "#1"}
			}
		},
		{
			"from": [7.4, 10.4, 14],
			"to": [8.6, 11, 14.6],
			"faces": {
				"north": {"uv": [0, 0, 2, 1], "texture": "#1"},
				"east": {"uv": [0, 0, 1, 1], "texture": "#1"},
				"south": {"uv": [0, 0, 2, 1], "texture": "#1"},
				"west": {"uv": [0, 0, 1, 1], "texture": "#1"},
				"up": {"uv": [0, 0, 2, 1], "texture": "#1"},
				"down": {"uv": [0, 0, 2, 1], "texture": "#1"}
			}
		},
		{
			"from": [6.2, 1.4, 7.4],
			"to": [9.8, 2.6, 8.6],
			"faces": {
				"north": {"uv": [0, 0, 6, 2], "texture": "#0"},
				"east": {"uv": [0, 0, 2, 2], "texture": "#0"},
				"south": {"uv": [0, 0, 6, 2], "texture": "#0"},
				"west": {"uv": [0, 0, 2, 2], "texture": "#0"},
				"up": {"uv": [0, 0, 2, 6], "rotation": 90, "texture": "#0"},
				"down": {"uv": [0, 0, 2, 6], "rotation": 270, "texture": "#0"}
			}
		},
		{
			"from": [5.6, 2.6, 7.4],
			"to": [10.4, 3.8, 8.6],
			"faces": {
				"north": {"uv": [0, 0, 8, 2], "texture": "#0"},
				"east": {"uv": [0, 0, 2, 2], "texture": "#0"},
				"south": {"uv": [0, 0, 8, 2], "texture": "#0"},
				"west": {"uv": [0, 0, 2, 2], "texture": "#0"},
				"up": {"uv": [0, 0, 2, 8], "rotation": 90, "texture": "#0"},
				"down": {"uv": [0, 0, 2, 8], "rotation": 270, "texture": "#0"}
			}
		},
		{
			"from": [5, 3.8, 7.4],
			"to": [11, 5, 8.6],
			"faces": {
				"north": {"uv": [0, 0, 10, 2], "texture": "#0"},
				"east": {"uv": [0, 0, 2, 2], "texture": "#0"},
				"south": {"uv": [0, 0, 10, 2], "texture": "#0"},
				"west": {"uv": [0, 0, 2, 2], "texture": "#0"},
				"up": {"uv": [0, 0, 2, 10], "rotation": 90, "texture": "#0"},
				"down": {"uv": [0, 0, 2, 10], "rotation": 270, "texture": "#0"}
			}
		},
		{
			"from": [4.4, 5, 7.4],
			"to": [11.6, 6.2, 8.6],
			"faces": {
				"north": {"uv": [0, 0, 12, 2], "texture": "#0"},
				"east": {"uv": [0, 0, 2, 2], "texture": "#0"},
				"south": {"uv": [0, 0, 12, 2], "texture": "#0"},
				"west": {"uv": [0, 0, 2, 2], "texture": "#0"},
				"up": {"uv": [0, 0, 2, 12], "rotation": 90, "texture": "#0"},
				"down": {"uv": [0, 0, 2, 12], "rotation": 270, "texture": "#0"}
			}
		},
		{
			"from": [3.8, 6.2, 7.4],
			"to": [12.2, 7.4, 8.6],
			"faces": {
				"north": {"uv": [0, 0, 14, 2], "texture": "#0"},
				"east": {"uv": [0, 0, 2, 2], "texture": "#0"},
				"south": {"uv": [0, 0, 14, 2], "texture": "#0"},
				"west": {"uv": [0, 0, 2, 2], "texture": "#0"},
				"up": {"uv": [0, 0, 2, 14], "rotation": 90, "texture": "#0"},
				"down": {"uv": [0, 0, 2, 14], "rotation": 270, "texture": "#0"}
			}
		},
		{
			"from": [3.8, 10.4, 7.4],
			"to": [12.2, 11, 8.6],
			"faces": {
				"north": {"uv": [0, 0, 14, 1], "texture": "#0"},
				"east": {"uv": [0, 0, 2, 1], "texture": "#0"},
				"south": {"uv": [0, 0, 14, 1], "texture": "#0"},
				"west": {"uv": [0, 0, 2, 1], "texture": "#0"},
				"up": {"uv": [0, 0, 2, 14], "rotation": 90, "texture": "#0"},
				"down": {"uv": [0, 0, 2, 14], "rotation": 270, "texture": "#0"}
			}
		},
		{
			"from": [3.2, 7.4, 7.4],
			"to": [12.8, 10.4, 8.6],
			"faces": {
				"north": {"uv": [0, 0, 16, 5], "texture": "#0"},
				"east": {"uv": [0, 0, 2, 5], "texture": "#0"},
				"south": {"uv": [0, 0, 16, 5], "texture": "#0"},
				"west": {"uv": [0, 0, 2, 5], "texture": "#0"},
				"up": {"uv": [0, 0, 2, 16], "rotation": 90, "texture": "#0"},
				"down": {"uv": [0, 0, 2, 16], "rotation": 270, "texture": "#0"}
			}
		},
		{
			"from": [4.4, 11, 7.4],
			"to": [11.6, 11.6, 8.6],
			"faces": {
				"north": {"uv": [0, 0, 12, 1], "texture": "#0"},
				"east": {"uv": [0, 0, 2, 1], "texture": "#0"},
				"south": {"uv": [0, 0, 12, 1], "texture": "#0"},
				"west": {"uv": [0, 0, 2, 1], "texture": "#0"},
				"up": {"uv": [0, 0, 2, 12], "rotation": 90, "texture": "#0"},
				"down": {"uv": [0, 0, 2, 12], "rotation": 270, "texture": "#0"}
			}
		},
		{
			"from": [5.6, 11.6, 7.4],
			"to": [10.4, 12.2, 8.6],
			"faces": {
				"north": {"uv": [0, 0, 8, 1], "texture": "#0"},
				"east": {"uv": [0, 0, 2, 1], "texture": "#0"},
				"south": {"uv": [0, 0, 8, 1], "texture": "#0"},
				"west": {"uv": [0, 0, 2, 1], "texture": "#0"},
				"up": {"uv": [0, 0, 2, 8], "rotation": 90, "texture": "#0"},
				"down": {"uv": [0, 0, 2, 8], "rotation": 270, "texture": "#0"}
			}
		},
		{
			"from": [5, 15.2, 9.8],
			"to": [11, 15.8, 11],
			"faces": {
				"north": {"uv": [0, 0, 8, 1], "texture": "#0"},
				"east": {"uv": [0, 0, 2, 1], "texture": "#0"},
				"south": {"uv": [0, 0, 8, 1], "texture": "#0"},
				"west": {"uv": [0, 0, 2, 1], "texture": "#0"},
				"up": {"uv": [0, 0, 2, 8], "rotation": 90, "texture": "#0"},
				"down": {"uv": [0, 0, 2, 8], "rotation": 270, "texture": "#0"}
			}
		},
		{
			"from": [6.2, 1.4, 7.4],
			"to": [9.8, 2.6, 8.6],
			"rotation": {"angle": -45, "axis": "y", "origin": [8, 8.6, 8]},
			"faces": {
				"north": {"uv": [0, 0, 6, 2], "texture": "#0"},
				"east": {"uv": [0, 0, 2, 2], "texture": "#0"},
				"south": {"uv": [0, 0, 6, 2], "texture": "#0"},
				"west": {"uv": [0, 0, 2, 2], "texture": "#0"},
				"up": {"uv": [0, 0, 2, 6], "rotation": 90, "texture": "#0"},
				"down": {"uv": [0, 0, 2, 6], "rotation": 270, "texture": "#0"}
			}
		},
		{
			"from": [5.6, 2.6, 7.4],
			"to": [10.4, 3.8, 8.6],
			"rotation": {"angle": -45, "axis": "y", "origin": [8, 8.6, 8]},
			"faces": {
				"north": {"uv": [0, 0, 8, 2], "texture": "#0"},
				"east": {"uv": [0, 0, 2, 2], "texture": "#0"},
				"south": {"uv": [0, 0, 8, 2], "texture": "#0"},
				"west": {"uv": [0, 0, 2, 2], "texture": "#0"},
				"up": {"uv": [0, 0, 2, 8], "rotation": 90, "texture": "#0"},
				"down": {"uv": [0, 0, 2, 8], "rotation": 270, "texture": "#0"}
			}
		},
		{
			"from": [5, 3.8, 7.4],
			"to": [11, 5, 8.6],
			"rotation": {"angle": -45, "axis": "y", "origin": [8, 8.6, 8]},
			"faces": {
				"north": {"uv": [0, 0, 10, 2], "texture": "#0"},
				"east": {"uv": [0, 0, 2, 2], "texture": "#0"},
				"south": {"uv": [0, 0, 10, 2], "texture": "#0"},
				"west": {"uv": [0, 0, 2, 2], "texture": "#0"},
				"up": {"uv": [0, 0, 2, 10], "rotation": 90, "texture": "#0"},
				"down": {"uv": [0, 0, 2, 10], "rotation": 270, "texture": "#0"}
			}
		},
		{
			"from": [4.4, 5, 7.4],
			"to": [11.6, 6.2, 8.6],
			"rotation": {"angle": -45, "axis": "y", "origin": [8, 8.6, 8]},
			"faces": {
				"north": {"uv": [0, 0, 12, 2], "texture": "#0"},
				"east": {"uv": [0, 0, 2, 2], "texture": "#0"},
				"south": {"uv": [0, 0, 12, 2], "texture": "#0"},
				"west": {"uv": [0, 0, 2, 2], "texture": "#0"},
				"up": {"uv": [0, 0, 2, 12], "rotation": 90, "texture": "#0"},
				"down": {"uv": [0, 0, 2, 12], "rotation": 270, "texture": "#0"}
			}
		},
		{
			"from": [3.8, 6.2, 7.4],
			"to": [12.2, 7.4, 8.6],
			"rotation": {"angle": -45, "axis": "y", "origin": [8, 8.6, 8]},
			"faces": {
				"north": {"uv": [0, 0, 14, 2], "texture": "#0"},
				"east": {"uv": [0, 0, 2, 2], "texture": "#0"},
				"south": {"uv": [0, 0, 14, 2], "texture": "#0"},
				"west": {"uv": [0, 0, 2, 2], "texture": "#0"},
				"up": {"uv": [0, 0, 2, 14], "rotation": 90, "texture": "#0"},
				"down": {"uv": [0, 0, 2, 14], "rotation": 270, "texture": "#0"}
			}
		},
		{
			"from": [3.2, 7.4, 7.4],
			"to": [12.8, 10.4, 8.6],
			"rotation": {"angle": -45, "axis": "y", "origin": [8, 8.6, 8]},
			"faces": {
				"north": {"uv": [0, 0, 16, 5], "texture": "#0"},
				"east": {"uv": [0, 0, 2, 5], "texture": "#0"},
				"south": {"uv": [0, 0, 16, 5], "texture": "#0"},
				"west": {"uv": [0, 0, 2, 5], "texture": "#0"},
				"up": {"uv": [0, 0, 2, 16], "rotation": 90, "texture": "#0"},
				"down": {"uv": [0, 0, 2, 16], "rotation": 270, "texture": "#0"}
			}
		},
		{
			"from": [3.8, 10.4, 7.4],
			"to": [12.2, 11, 8.6],
			"rotation": {"angle": -45, "axis": "y", "origin": [8, 8.6, 8]},
			"faces": {
				"north": {"uv": [0, 0, 14, 1], "texture": "#0"},
				"east": {"uv": [0, 0, 2, 1], "texture": "#0"},
				"south": {"uv": [0, 0, 14, 1], "texture": "#0"},
				"west": {"uv": [0, 0, 2, 1], "texture": "#0"},
				"up": {"uv": [0, 0, 2, 14], "rotation": 90, "texture": "#0"},
				"down": {"uv": [0, 0, 2, 14], "rotation": 270, "texture": "#0"}
			}
		},
		{
			"from": [4.4, 11, 7.4],
			"to": [11.6, 11.6, 8.6],
			"rotation": {"angle": -45, "axis": "y", "origin": [8, 8.6, 8]},
			"faces": {
				"north": {"uv": [0, 0, 12, 1], "texture": "#0"},
				"east": {"uv": [0, 0, 2, 1], "texture": "#0"},
				"south": {"uv": [0, 0, 12, 1], "texture": "#0"},
				"west": {"uv": [0, 0, 2, 1], "texture": "#0"},
				"up": {"uv": [0, 0, 2, 12], "rotation": 90, "texture": "#0"},
				"down": {"uv": [0, 0, 2, 12], "rotation": 270, "texture": "#0"}
			}
		},
		{
			"from": [5.6, 11.6, 7.4],
			"to": [10.4, 12.2, 8.6],
			"rotation": {"angle": -45, "axis": "y", "origin": [8, 8.6, 8]},
			"faces": {
				"north": {"uv": [0, 0, 8, 1], "texture": "#0"},
				"east": {"uv": [0, 0, 2, 1], "texture": "#0"},
				"south": {"uv": [0, 0, 8, 1], "texture": "#0"},
				"west": {"uv": [0, 0, 2, 1], "texture": "#0"},
				"up": {"uv": [0, 0, 2, 8], "rotation": 90, "texture": "#0"},
				"down": {"uv": [0, 0, 2, 8], "rotation": 270, "texture": "#0"}
			}
		},
		{
			"from": [6.2, 1.4, 7.4],
			"to": [9.8, 2.6, 8.6],
			"rotation": {"angle": 45, "axis": "y", "origin": [8, 8.6, 8]},
			"faces": {
				"north": {"uv": [0, 0, 6, 2], "texture": "#0"},
				"east": {"uv": [0, 0, 2, 2], "texture": "#0"},
				"south": {"uv": [0, 0, 6, 2], "texture": "#0"},
				"west": {"uv": [0, 0, 2, 2], "texture": "#0"},
				"up": {"uv": [0, 0, 2, 6], "rotation": 90, "texture": "#0"},
				"down": {"uv": [0, 0, 2, 6], "rotation": 270, "texture": "#0"}
			}
		},
		{
			"from": [5.6, 2.6, 7.4],
			"to": [10.4, 3.8, 8.6],
			"rotation": {"angle": 45, "axis": "y", "origin": [8, 8.6, 8]},
			"faces": {
				"north": {"uv": [0, 0, 8, 2], "texture": "#0"},
				"east": {"uv": [0, 0, 2, 2], "texture": "#0"},
				"south": {"uv": [0, 0, 8, 2], "texture": "#0"},
				"west": {"uv": [0, 0, 2, 2], "texture": "#0"},
				"up": {"uv": [0, 0, 2, 8], "rotation": 90, "texture": "#0"},
				"down": {"uv": [0, 0, 2, 8], "rotation": 270, "texture": "#0"}
			}
		},
		{
			"from": [5, 3.8, 7.4],
			"to": [11, 5, 8.6],
			"rotation": {"angle": 45, "axis": "y", "origin": [8, 8.6, 8]},
			"faces": {
				"north": {"uv": [0, 0, 10, 2], "texture": "#0"},
				"east": {"uv": [0, 0, 2, 2], "texture": "#0"},
				"south": {"uv": [0, 0, 10, 2], "texture": "#0"},
				"west": {"uv": [0, 0, 2, 2], "texture": "#0"},
				"up": {"uv": [0, 0, 2, 10], "rotation": 90, "texture": "#0"},
				"down": {"uv": [0, 0, 2, 10], "rotation": 270, "texture": "#0"}
			}
		},
		{
			"from": [4.4, 5, 7.4],
			"to": [11.6, 6.2, 8.6],
			"rotation": {"angle": 45, "axis": "y", "origin": [8, 8.6, 8]},
			"faces": {
				"north": {"uv": [0, 0, 12, 2], "texture": "#0"},
				"east": {"uv": [0, 0, 2, 2], "texture": "#0"},
				"south": {"uv": [0, 0, 12, 2], "texture": "#0"},
				"west": {"uv": [0, 0, 2, 2], "texture": "#0"},
				"up": {"uv": [0, 0, 2, 12], "rotation": 90, "texture": "#0"},
				"down": {"uv": [0, 0, 2, 12], "rotation": 270, "texture": "#0"}
			}
		},
		{
			"from": [3.8, 6.2, 7.4],
			"to": [12.2, 7.4, 8.6],
			"rotation": {"angle": 45, "axis": "y", "origin": [8, 8.6, 8]},
			"faces": {
				"north": {"uv": [0, 0, 14, 2], "texture": "#0"},
				"east": {"uv": [0, 0, 2, 2], "texture": "#0"},
				"south": {"uv": [0, 0, 14, 2], "texture": "#0"},
				"west": {"uv": [0, 0, 2, 2], "texture": "#0"},
				"up": {"uv": [0, 0, 2, 14], "rotation": 90, "texture": "#0"},
				"down": {"uv": [0, 0, 2, 14], "rotation": 270, "texture": "#0"}
			}
		},
		{
			"from": [3.2, 7.4, 7.4],
			"to": [12.8, 10.4, 8.6],
			"rotation": {"angle": 45, "axis": "y", "origin": [8, 8.6, 8]},
			"faces": {
				"north": {"uv": [0, 0, 16, 5], "texture": "#0"},
				"east": {"uv": [0, 0, 2, 5], "texture": "#0"},
				"south": {"uv": [0, 0, 16, 5], "texture": "#0"},
				"west": {"uv": [0, 0, 2, 5], "texture": "#0"},
				"up": {"uv": [0, 0, 2, 16], "rotation": 90, "texture": "#0"},
				"down": {"uv": [0, 0, 2, 16], "rotation": 270, "texture": "#0"}
			}
		},
		{
			"from": [3.8, 10.4, 7.4],
			"to": [12.2, 11, 8.6],
			"rotation": {"angle": 45, "axis": "y", "origin": [8, 8.6, 8]},
			"faces": {
				"north": {"uv": [0, 0, 14, 1], "texture": "#0"},
				"east": {"uv": [0, 0, 2, 1], "texture": "#0"},
				"south": {"uv": [0, 0, 14, 1], "texture": "#0"},
				"west": {"uv": [0, 0, 2, 1], "texture": "#0"},
				"up": {"uv": [0, 0, 2, 14], "rotation": 90, "texture": "#0"},
				"down": {"uv": [0, 0, 2, 14], "rotation": 270, "texture": "#0"}
			}
		},
		{
			"from": [4.4, 11, 7.4],
			"to": [11.6, 11.6, 8.6],
			"rotation": {"angle": 45, "axis": "y", "origin": [8, 8.6, 8]},
			"faces": {
				"north": {"uv": [0, 0, 12, 1], "texture": "#0"},
				"east": {"uv": [0, 0, 2, 1], "texture": "#0"},
				"south": {"uv": [0, 0, 12, 1], "texture": "#0"},
				"west": {"uv": [0, 0, 2, 1], "texture": "#0"},
				"up": {"uv": [0, 0, 2, 12], "rotation": 90, "texture": "#0"},
				"down": {"uv": [0, 0, 2, 12], "rotation": 270, "texture": "#0"}
			}
		},
		{
			"from": [5.6, 11.6, 7.4],
			"to": [10.4, 12.2, 8.6],
			"rotation": {"angle": 45, "axis": "y", "origin": [8, 8.6, 8]},
			"faces": {
				"north": {"uv": [0, 0, 8, 1], "texture": "#0"},
				"east": {"uv": [0, 0, 2, 1], "texture": "#0"},
				"south": {"uv": [0, 0, 8, 1], "texture": "#0"},
				"west": {"uv": [0, 0, 2, 1], "texture": "#0"},
				"up": {"uv": [0, 0, 2, 8], "rotation": 90, "texture": "#0"},
				"down": {"uv": [0, 0, 2, 8], "rotation": 270, "texture": "#0"}
			}
		},
		{
			"from": [5, 15.2, 5],
			"to": [11, 15.8, 6.2],
			"faces": {
				"north": {"uv": [0, 0, 8, 1], "texture": "#0"},
				"east": {"uv": [0, 0, 2, 1], "texture": "#0"},
				"south": {"uv": [0, 0, 8, 1], "texture": "#0"},
				"west": {"uv": [0, 0, 2, 1], "texture": "#0"},
				"up": {"uv": [0, 0, 2, 8], "rotation": 90, "texture": "#0"},
				"down": {"uv": [0, 0, 2, 8], "rotation": 270, "texture": "#0"}
			}
		},
		{
			"from": [9.8, 15.2, 5],
			"to": [11, 15.8, 11],
			"faces": {
				"north": {"uv": [0, 0, 8, 1], "texture": "#0"},
				"east": {"uv": [0, 0, 2, 1], "texture": "#0"},
				"south": {"uv": [0, 0, 8, 1], "texture": "#0"},
				"west": {"uv": [0, 0, 2, 1], "texture": "#0"},
				"up": {"uv": [0, 0, 2, 8], "rotation": 90, "texture": "#0"},
				"down": {"uv": [0, 0, 2, 8], "rotation": 270, "texture": "#0"}
			}
		},
		{
			"from": [5, 15.2, 5],
			"to": [6.2, 15.8, 11],
			"faces": {
				"north": {"uv": [0, 0, 8, 1], "texture": "#0"},
				"east": {"uv": [0, 0, 2, 1], "texture": "#0"},
				"south": {"uv": [0, 0, 8, 1], "texture": "#0"},
				"west": {"uv": [0, 0, 2, 1], "texture": "#0"},
				"up": {"uv": [0, 0, 2, 8], "rotation": 90, "texture": "#0"},
				"down": {"uv": [0, 0, 2, 8], "rotation": 270, "texture": "#0"}
			}
		}
	],
	"groups": [
		{
			"name": "vase",
			"children": [0, 1, 2, 3, 4, 5, 6, 7, 8, 9, 10, 11, 12, 13, 14, 15, 16, 17, 18, 19, 20, 21, 22, 23, 24, 25, 26, 27, 28, 29, 30, 31, 32, 33, 34, 35, 36, 37, 38, 39, 40, 41, 42, 43, 44, 45, 46, 47, 48, 49, 50, 51, 52, 53, 54, 55, 56, 57, 58, 59, 60, 61, 62, 63]
		}
	]
}