{
    "parent": "icytnt:block/armor_stand_block",
    "textures": {
        "2": "minecraft:block/tnt_bottom",
        "1": "minecraft:block/tnt_top",
        "0": "minecraft:block/tnt_side"
    },
	"elements": [
		{
            "name": "Base",
            "from": [ 0.0, 0.0, 0.0 ], 
            "to": [ 16.0, 16.0, 16.0 ], 
            "faces": {
                "north": { "texture": "#0", "uv": [ 0.0, 0.0, 16.0, 16.0 ] },
                "east":  { "texture": "#0", "uv": [ 0.0, 0.0, 16.0, 16.0 ] },
                "south": { "texture": "#0", "uv": [ 0.0, 0.0, 16.0, 16.0 ] },
                "west":  { "texture": "#0", "uv": [ 0.0, 0.0, 16.0, 16.0 ] },
                "up":    { "texture": "#1", "uv": [ 0.0, 0.0, 16.0, 16.0 ] },
                "down":  { "texture": "#2", "uv": [ 0.0, 0.0, 16.0, 16.0 ] }
            }
        }
	]
}
