{
	"credit": "Made with Blockbench",
	"textures": {
		"0": "blue/void/tnt_bottom",
		"1": "blue/void/tnt_side",
		"2": "blue/void/tnt_top",
		"particle": "blue/void/tnt_bottom"
	},
	"elements": [
		{
			"from": [0, 0, 0],
			"to": [16, 16, 16],
			"faces": {
				"north": {"uv": [0, 0, 16, 16], "texture": "#1"},
				"east": {"uv": [0, 0, 16, 16], "texture": "#1"},
				"south": {"uv": [0, 0, 16, 16], "texture": "#1"},
				"west": {"uv": [0, 0, 16, 16], "texture": "#1"},
				"up": {"uv": [0, 0, 16, 16], "texture": "#2"},
				"down": {"uv": [0, 0, 16, 16], "texture": "#0"}
			}
		}
	],
	"display": {
        "gui": {
            "rotation": [ 30, 45, 0 ],
            "translation": [ 0, 0, 0 ],
            "scale": [ 0.64, 0.64, 0.64 ]
        },
        "fixed": {
            "rotation": [ 0, 180, 0 ],
            "translation": [ 0, 0, 0],
            "scale":[ 0.5, 0.5, 0.5 ]
        },
        "firstperson_righthand": {
			"rotation": [ 0, -45, 0 ],
			"translation": [ 0, 0, 0 ],
			"scale": [ 0.4, 0.4, 0.4 ]
        },
        "firstperson_lefthand": {
			"rotation": [ 0, 45, 0 ],
			"translation": [ 0, 0, 0 ],
			"scale": [ 0.4, 0.4, 0.4 ]
        },
        "ground": {
            "rotation": [ 0, 0, 0 ],
            "translation": [ 0, 5, 0 ],
            "scale": [ 0.25, 0.25, 0.25 ]
        },
        "thirdperson_righthand": {
            "rotation": [ 78, 45, 0 ],
            "translation": [ 0, 3, 3 ],
            "scale": [ 0.3, 0.3, 0.3 ]
        }
	}
}