{
	"parent":"mechanization:base/model_block",
    "textures": {
        "0": "mechanization:base/2_plate_panel",
        "1": "block/piston_top",
        "2": "block/piston_side"
    },
    "elements": [
        {
            "name": "Cube",
            "from": [ 0.0, 0.0, 0.0 ], 
            "to": [ 16.0, 16.0, 12.0 ], 
            "faces": {
                "north": { "texture": "#0", "uv": [ 0.0, 0.0, 16.0, 16.0 ] },
                "east": { "texture": "#0", "uv": [ 0.0, 0.0, 16.0, 16.0 ] },
                "south": { "texture": "#0", "uv": [ 0.0, 0.0, 16.0, 16.0 ] },
                "west": { "texture": "#0", "uv": [ 0.0, 0.0, 16.0, 16.0 ] },
                "up": { "texture": "#0", "uv": [ 0.0, 0.0, 16.0, 16.0 ] },
                "down": { "texture": "#0", "uv": [ 0.0, 0.0, 16.0, 16.0 ] }
            }
        },
        {
            "name": "Head",
            "from": [ 0.0, 0.0, 28.0 ], 
            "to": [ 16.0, 16.0, 32.0 ], 
            "faces": {
                "north": { "texture": "#1", "uv": [ 0.0, 0.0, 16.0, 16.0 ] },
                "east": { "texture": "#2", "uv": [ 0.0, 0.0, 16.0, 4.0 ], "rotation": 270 },
                "south": { "texture": "#1", "uv": [ 0.0, 0.0, 16.0, 16.0 ] },
                "west": { "texture": "#2", "uv": [ 0.0, 0.0, 16.0, 4.0 ], "rotation": 90 },
                "up": { "texture": "#2", "uv": [ 0.0, 0.0, 16.0, 4.0 ] },
                "down": { "texture": "#2", "uv": [ 0.0, 0.0, 16.0, 4.0 ] }
            }
        },
        {
            "name": "Connector",
            "from": [ 6.0, 6.0, 12.0 ], 
            "to": [ 10.0, 10.0, 28.0 ], 
            "faces": {
                "east": { "texture": "#2", "uv": [ 0.0, 0.0, 16.0, 4.0 ] },
                "west": { "texture": "#2", "uv": [ 0.0, 0.0, 16.0, 4.0 ] },
                "up": { "texture": "#2", "uv": [ 0.0, 0.0, 16.0, 4.0 ], "rotation": 90 },
                "down": { "texture": "#2", "uv": [ 0.0, 0.0, 16.0, 4.0 ], "rotation": 90 }
            }
        }
    ]
}