{
    "parent":"mechanization:base/model_block",
    "textures": {
        "0": "mechanization:base/1_smooth_panel",
        "1": "mechanization:base/1_ring",
        "2": "mechanization:base/q_ring",
        "3": "mechanization:base/q_smooth_panel",
        "4": "mechanization:machines/telepad_effect"
    },
	"display": {
        "head": {
            "rotation": [ 0, 0, 0 ],
            "translation": [ 0, -30, 0 ],
            "scale": [ 3.24, 3.24, 3.24 ]
        }
	},
    "elements": [
        {
            "name": "Base 1",
            "from": [ -4.0, 0.0, 5.6 ], 
            "to": [ 20.0, 8.1, 10.399999999999999 ], 
            "faces": {
                "east": { "texture": "#0", "uv": [ 11.0, 0.0, 15.8, 8.1 ] },
                "west": { "texture": "#0", "uv": [ 11.0, 0.0, 15.8, 8.1 ] },
                "up": { "texture": "#1", "uv": [ 0.0, 0.0, 1.0, 1.0 ] },
                "down": { "texture": "#0", "uv": [ 0.0, 15.0, 1.0, 16.0 ] }
            }
        },
        {
            "name": "Base 2",
            "from": [ -4.0, 0.0, 5.6 ], 
            "to": [ 20.0, 8.1, 10.399999999999999 ], 
            "rotation": { "origin": [ 8.0, 8.0, 8.0 ], "axis": "y", "angle": 22.5 },
            "faces": {
                "east": { "texture": "#0", "uv": [ 11.0, 0.0, 15.8, 8.1 ] },
                "west": { "texture": "#0", "uv": [ 11.0, 0.0, 15.8, 8.1 ] },
                "up": { "texture": "#1", "uv": [ 0.0, 0.0, 1.0, 1.0 ] },
                "down": { "texture": "#0", "uv": [ 0.0, 15.0, 1.0, 16.0 ] }
            }
        },
        {
            "name": "Base 3",
            "from": [ -4.0, 0.0, 5.6 ], 
            "to": [ 20.0, 8.1, 10.399999999999999 ], 
            "rotation": { "origin": [ 8.0, 8.0, 8.0 ], "axis": "y", "angle": 45.0 },
            "faces": {
                "east": { "texture": "#0", "uv": [ 11.0, 0.0, 15.8, 8.1 ] },
                "west": { "texture": "#0", "uv": [ 11.0, 0.0, 15.8, 8.1 ] },
                "up": { "texture": "#1", "uv": [ 0.0, 0.0, 1.0, 1.0 ] },
                "down": { "texture": "#0", "uv": [ 0.0, 15.0, 1.0, 16.0 ] }
            }
        },
        {
            "name": "Base 4",
            "from": [ -4.0, 0.0, 5.6 ], 
            "to": [ 20.0, 8.1, 10.399999999999999 ], 
            "rotation": { "origin": [ 8.0, 8.0, 8.0 ], "axis": "y", "angle": -22.5 },
            "faces": {
                "east": { "texture": "#0", "uv": [ 11.0, 0.0, 15.8, 8.1 ] },
                "west": { "texture": "#0", "uv": [ 11.0, 0.0, 15.8, 8.1 ] },
                "up": { "texture": "#1", "uv": [ 0.0, 0.0, 1.0, 1.0 ] },
                "down": { "texture": "#0", "uv": [ 0.0, 15.0, 1.0, 16.0 ] }
            }
        },
        {
            "name": "Base 5",
            "from": [ -4.0, 0.0, 5.6 ], 
            "to": [ 20.0, 8.1, 10.399999999999999 ], 
            "rotation": { "origin": [ 8.0, 8.0, 8.0 ], "axis": "y", "angle": -45.0 },
            "faces": {
                "east": { "texture": "#0", "uv": [ 11.0, 0.0, 15.8, 8.1 ] },
                "west": { "texture": "#0", "uv": [ 11.0, 0.0, 15.8, 8.1 ] },
                "up": { "texture": "#1", "uv": [ 0.0, 0.0, 1.0, 1.0 ] },
                "down": { "texture": "#0", "uv": [ 0.0, 15.0, 1.0, 16.0 ] }
            }
        },
        {
            "name": "Base 6",
            "from": [ 5.6, 0.0, -4.0 ], 
            "to": [ 10.399999999999999, 8.1, 20.0 ], 
            "faces": {
                "north": { "texture": "#0", "uv": [ 11.0, 0.0, 15.8, 8.1 ] },
                "south": { "texture": "#0", "uv": [ 11.0, 0.0, 15.8, 8.1 ] },
                "up": { "texture": "#1", "uv": [ 0.0, 0.0, 1.0, 1.0 ] },
                "down": { "texture": "#0", "uv": [ 0.0, 15.0, 1.0, 16.0 ] }
            }
        },
        {
            "name": "Base 7",
            "from": [ 5.6, 0.0, -4.0 ], 
            "to": [ 10.399999999999999, 8.1, 20.0 ], 
            "rotation": { "origin": [ 8.0, 8.0, 8.0 ], "axis": "y", "angle": 22.5 },
            "faces": {
                "north": { "texture": "#0", "uv": [ 11.0, 0.0, 15.8, 8.1 ] },
                "south": { "texture": "#0", "uv": [ 11.0, 0.0, 15.8, 8.1 ] },
                "up": { "texture": "#1", "uv": [ 0.0, 0.0, 1.0, 1.0 ] },
                "down": { "texture": "#0", "uv": [ 0.0, 15.0, 1.0, 16.0 ] }
            }
        },
        {
            "name": "Base 8",
            "from": [ 5.6, 0.0, -4.0 ], 
            "to": [ 10.399999999999999, 8.1, 20.0 ], 
            "rotation": { "origin": [ 8.0, 8.0, 8.0 ], "axis": "y", "angle": -22.5 },
            "faces": {
                "north": { "texture": "#0", "uv": [ 11.0, 0.0, 15.8, 8.1 ] },
                "south": { "texture": "#0", "uv": [ 11.0, 0.0, 15.8, 8.1 ] },
                "up": { "texture": "#1", "uv": [ 0.0, 0.0, 1.0, 1.0 ] },
                "down": { "texture": "#0", "uv": [ 0.0, 15.0, 1.0, 16.0 ] }
            }
        },
        {
            "name": "Pad 1",
            "from": [ 6.8, 8.0, 2.0 ], 
            "to": [ 9.2, 10.0, 14.0 ], 
            "faces": {
                "north": { "texture": "#2", "uv": [ 0.0, 0.0, 1.0, 1.0 ] },
                "south": { "texture": "#2", "uv": [ 0.0, 0.0, 1.0, 1.0 ] },
                "up": { "texture": "#3", "uv": [ 0.0, 0.0, 1.0, 1.0 ] }
            }
        },
        {
            "name": "Pad 2",
            "from": [ 6.8, 8.0, 2.0 ], 
            "to": [ 9.2, 10.0, 14.0 ], 
            "rotation": { "origin": [ 8.0, 8.0, 8.0 ], "axis": "y", "angle": 22.5 },
            "faces": {
                "north": { "texture": "#2", "uv": [ 0.0, 0.0, 1.0, 1.0 ] },
                "south": { "texture": "#2", "uv": [ 0.0, 0.0, 1.0, 1.0 ] },
                "up": { "texture": "#3", "uv": [ 0.0, 0.0, 1.0, 1.0 ] }
            }
        },
        {
            "name": "Pad 3",
            "from": [ 6.8, 8.0, 2.0 ], 
            "to": [ 9.2, 10.0, 14.0 ], 
            "rotation": { "origin": [ 8.0, 8.0, 8.0 ], "axis": "y", "angle": 45.0 },
            "faces": {
                "north": { "texture": "#2", "uv": [ 0.0, 0.0, 1.0, 1.0 ] },
                "south": { "texture": "#2", "uv": [ 0.0, 0.0, 1.0, 1.0 ] },
                "up": { "texture": "#3", "uv": [ 0.0, 0.0, 1.0, 1.0 ] }
            }
        },
        {
            "name": "Pad 4",
            "from": [ 6.8, 8.0, 2.0 ], 
            "to": [ 9.2, 10.0, 14.0 ], 
            "rotation": { "origin": [ 8.0, 8.0, 8.0 ], "axis": "y", "angle": -22.5 },
            "faces": {
                "north": { "texture": "#2", "uv": [ 0.0, 0.0, 1.0, 1.0 ] },
                "south": { "texture": "#2", "uv": [ 0.0, 0.0, 1.0, 1.0 ] },
                "up": { "texture": "#3", "uv": [ 0.0, 0.0, 1.0, 1.0 ] }
            }
        },
        {
            "name": "Pad 5",
            "from": [ 6.8, 8.0, 2.0 ], 
            "to": [ 9.2, 10.0, 14.0 ], 
            "rotation": { "origin": [ 8.0, 8.0, 8.0 ], "axis": "y", "angle": -45.0 },
            "faces": {
                "north": { "texture": "#2", "uv": [ 0.0, 0.0, 1.0, 1.0 ] },
                "south": { "texture": "#2", "uv": [ 0.0, 0.0, 1.0, 1.0 ] },
                "up": { "texture": "#3", "uv": [ 0.0, 0.0, 1.0, 1.0 ] }
            }
        },
        {
            "name": "Pad 6",
            "from": [ 2.0, 8.0, 6.8 ], 
            "to": [ 14.0, 10.0, 9.2 ], 
            "faces": {
                "east": { "texture": "#2", "uv": [ 0.0, 0.0, 1.0, 1.0 ] },
                "west": { "texture": "#2", "uv": [ 0.0, 0.0, 1.0, 1.0 ] },
                "up": { "texture": "#3", "uv": [ 0.0, 0.0, 1.0, 1.0 ] }
            }
        },
        {
            "name": "Pad 7",
            "from": [ 2.0, 8.0, 6.8 ], 
            "to": [ 14.0, 10.0, 9.2 ], 
            "rotation": { "origin": [ 8.0, 8.0, 8.0 ], "axis": "y", "angle": 22.5 },
            "faces": {
                "east": { "texture": "#2", "uv": [ 0.0, 0.0, 1.0, 1.0 ] },
                "west": { "texture": "#2", "uv": [ 0.0, 0.0, 1.0, 1.0 ] },
                "up": { "texture": "#3", "uv": [ 0.0, 0.0, 1.0, 1.0 ] }
            }
        },
        {
            "name": "Pad 8",
            "from": [ 2.0, 8.0, 6.8 ], 
            "to": [ 14.0, 10.0, 9.2 ], 
            "rotation": { "origin": [ 8.0, 8.0, 8.0 ], "axis": "y", "angle": -22.5 },
            "faces": {
                "east": { "texture": "#2", "uv": [ 0.0, 0.0, 1.0, 1.0 ] },
                "west": { "texture": "#2", "uv": [ 0.0, 0.0, 1.0, 1.0 ] },
                "up": { "texture": "#3", "uv": [ 0.0, 0.0, 1.0, 1.0 ] }
            }
        },
        {
            "name": "telepad",
            "from": [ 2.0, 10.0, 2.0 ], 
            "to": [ 14.0, 10.01, 14.0 ], 
            "faces": {
                "up": { "texture": "#4", "uv": [ 0.0, 0.0, 15.0, 15.0 ] }
            }
        }
    ]
}