{
    "parent": "item/generated",
    "textures": {
        "layer0": "item/bow"
    },
    "display": {
        "thirdperson_righthand": {
            "rotation": [ -80, 260, -40 ],
            "translation": [ -1, -2, 2.5 ],
            "scale": [ 0.9, 0.9, 0.9 ]
        },
        "thirdperson_lefthand": {
            "rotation": [ -80, -280, 40 ],
            "translation": [ -1, -2, 2.5 ],
            "scale": [ 0.9, 0.9, 0.9 ]
        },
        "firstperson_righthand": {
            "rotation": [ 0, -90, 25 ],
            "translation": [ 1.13, 3.2, 1.13],
            "scale": [ 0.68, 0.68, 0.68 ]
        },
        "firstperson_lefthand": {
            "rotation": [ 0, 90, -25 ],
            "translation": [ 1.13, 3.2, 1.13],
            "scale": [ 0.68, 0.68, 0.68 ]
        }
    },
    "overrides": [
        {
            "predicate": {
                "pulling": 1
            },
            "model": "item/bow_pulling_0"
        },
        {
            "predicate": {
                "pulling": 1,
                "pull": 0.65
            },
            "model": "item/bow_pulling_1"
        },
        {
            "predicate": {
                "pulling": 1,
                "pull": 0.9
            },
            "model": "item/bow_pulling_2"
        },
        { "predicate": {"custom_model_data": 1001}, "model": "item/asphodel/onyx_bow"},
        { "predicate": {"custom_model_data": 1001, "pulling": 1}, "model": "item/asphodel/onyx_bow_pulling_0"},
        { "predicate": {"custom_model_data": 1001, "pulling": 1, "pull": 0.65}, "model": "item/asphodel/onyx_bow_pulling_1"},
        { "predicate": {"custom_model_data": 1001, "pulling": 1, "pull": 0.9}, "model": "item/asphodel/onyx_bow_pulling_2"},
		
		{ "predicate": { "custom_model_data": 10140001 }, "model": "mobs/weapons/desert_bow" },
		{ "predicate": { "custom_model_data": 10140001, "pulling": 1 }, "model": "mobs/weapons/desert_bow_0" },
		{ "predicate": { "custom_model_data": 10140001, "pulling": 1, "pull": 0.5 }, "model": "mobs/weapons/desert_bow_1" },
		{ "predicate": { "custom_model_data": 10140001, "pulling": 1, "pull": 1 }, "model": "mobs/weapons/desert_bow_2" },
		{ "predicate": { "custom_model_data": 10140002 }, "model": "mobs/weapons/desert_bow_hurt" },
		{ "predicate": { "custom_model_data": 10140002, "pulling": 1 }, "model": "mobs/weapons/desert_bow_0_hurt" },
		{ "predicate": { "custom_model_data": 10140002, "pulling": 1, "pull": 0.5 }, "model": "mobs/weapons/desert_bow_1_hurt" },
		{ "predicate": { "custom_model_data": 10140002, "pulling": 1, "pull": 1 }, "model": "mobs/weapons/desert_bow_2_hurt" },
		
		{ "predicate": { "custom_model_data": 10140003 }, "model": "mobs/weapons/jungle_bow" },
		{ "predicate": { "custom_model_data": 10140003, "pulling": 1 }, "model": "mobs/weapons/jungle_bow_0" },
		{ "predicate": { "custom_model_data": 10140003, "pulling": 1, "pull": 0.5 }, "model": "mobs/weapons/jungle_bow_1" },
		{ "predicate": { "custom_model_data": 10140003, "pulling": 1, "pull": 1 }, "model": "mobs/weapons/jungle_bow_2" },
		{ "predicate": { "custom_model_data": 10140004 }, "model": "mobs/weapons/jungle_bow_hurt" },
		{ "predicate": { "custom_model_data": 10140004, "pulling": 1 }, "model": "mobs/weapons/jungle_bow_0_hurt" },
		{ "predicate": { "custom_model_data": 10140004, "pulling": 1, "pull": 0.5 }, "model": "mobs/weapons/jungle_bow_1_hurt" },
		{ "predicate": { "custom_model_data": 10140004, "pulling": 1, "pull": 1 }, "model": "mobs/weapons/jungle_bow_2_hurt" },
		
		{ "predicate": { "custom_model_data": 10140005 }, "model": "mobs/weapons/cave_bow" },
		{ "predicate": { "custom_model_data": 10140005, "pulling": 1 }, "model": "mobs/weapons/cave_bow_0" },
		{ "predicate": { "custom_model_data": 10140005, "pulling": 1, "pull": 0.5 }, "model": "mobs/weapons/cave_bow_1" },
		{ "predicate": { "custom_model_data": 10140005, "pulling": 1, "pull": 1 }, "model": "mobs/weapons/cave_bow_2" },
		{ "predicate": { "custom_model_data": 10140006 }, "model": "mobs/weapons/cave_bow_hurt" },
		{ "predicate": { "custom_model_data": 10140006, "pulling": 1 }, "model": "mobs/weapons/cave_bow_0_hurt" },
		{ "predicate": { "custom_model_data": 10140006, "pulling": 1, "pull": 0.5 }, "model": "mobs/weapons/cave_bow_1_hurt" },
		{ "predicate": { "custom_model_data": 10140006, "pulling": 1, "pull": 1 }, "model": "mobs/weapons/cave_bow_2_hurt" }
    ]
}
