{
    "parent": "item/handheld",
    "textures": {
        "layer0": "complus:item/titanium_katana"
    },
    "display": {
        "thirdperson_righthand": {
            "rotation": [ 0, 90, 45 ],
            "translation": [ 0, 4.5, 1.75 ],
            "scale": [ 0.85, 0.85, 0.85 ]
        },
        "thirdperson_lefthand": {
            "rotation": [ 0, -90, -45 ],
            "translation": [ 0, 4.5, 1.75 ],
            "scale": [ 0.85, 0.85, 0.85 ]
        },
        "firstperson_righthand": {
            "rotation": [ 0, 90, 45 ],
            "translation": [ 1.13, 3.2, 1.13 ],
            "scale": [ 0.68, 0.68, 0.68 ]
        },
        "firstperson_lefthand": {
            "rotation": [ 0, -90, -45 ],
            "translation": [ 1.13, 3.2, 1.13 ],
            "scale": [ 0.68, 0.68, 0.68 ]
        }
    }
}