{
	"parent":"mechanization:base/model_block",
	"textures": {
		"0": "mechanization:base/2_battery_side",
		"1": "mechanization:base/2_plate_panel",
		"2": "mechanization:base/2_ring",
		"3": "mechanization:base/2_smooth_panel",
		"4": "mechanization:base/crystal"
	},
	"display": {
        "head": {
            "rotation": [ 0, 0, 0 ],
            "translation": [ 0, -43.22, 0 ],
            "scale": [ 1.601, 1.601, 1.601 ]
        }
	},
	"elements": [
		{
			"from": [2, 0, 6],
			"to": [14, 1, 10],
			"faces": {
				"east": {"uv": [1, 13, 10, 16], "texture": "#0"},
				"west": {"uv": [1, 13, 11, 16], "texture": "#0"},
				"up": {"uv": [0, 0, 16, 16], "rotation": 90, "texture": "#2"},
				"down": {"uv": [0, 1, 16, 5], "texture": "#1"}
			}
		},
		{
			"from": [5.172, 0.002, 2.343],
			"to": [10.828, 1.002, 13.657],
			"rotation": {"angle": 45, "axis": "y", "origin": [8, 0.5, 8]},
			"faces": {
				"north": {"uv": [0, 13, 12, 16], "texture": "#0"},
				"south": {"uv": [0, 13, 12, 16], "texture": "#0"},
				"up": {"uv": [0, 8, 16, 16], "rotation": 180, "texture": "#3"},
				"down": {"uv": [1, 0, 8.655, 16], "texture": "#1"}
			}
		},
		{
			"from": [6, 0.001, 2],
			"to": [10, 1.001, 14],
			"faces": {
				"north": {"uv": [1, 13, 11, 16], "texture": "#0"},
				"south": {"uv": [1, 13, 11, 16], "texture": "#0"},
				"up": {"uv": [0, 0, 4, 16], "rotation": 180, "texture": "#2"},
				"down": {"uv": [1, 0, 5, 16], "texture": "#1"}
			}
		},
		{
			"from": [5.172, 0.003, 2.343],
			"to": [10.828, 1.003, 13.657],
			"rotation": {"angle": -45, "axis": "y", "origin": [8, 0.5, 8]},
			"faces": {
				"north": {"uv": [0, 13, 12, 16], "texture": "#0"},
				"south": {"uv": [0, 13, 12, 16], "texture": "#0"},
				"up": {"uv": [0, 8, 16, 16], "rotation": 90, "texture": "#3"},
				"down": {"uv": [1, 0, 6.656, 16], "texture": "#1"}
			}
		},
		{
			"from": [2, 1, 6],
			"to": [3.5, 3, 10],
			"faces": {
				"east": {"uv": [1, 13, 10, 16], "texture": "#2"},
				"west": {"uv": [1, 13, 11, 16], "texture": "#2"},
				"up": {"uv": [0, 0, 16, 16], "rotation": 90, "texture": "#2"},
				"down": {"uv": [0, 1, 16, 5], "texture": "#1"}
			}
		},
		{
			"from": [5.172, 1.002, 2.343],
			"to": [10.828, 3.002, 3.843],
			"rotation": {"angle": 45, "axis": "y", "origin": [8, 0.5, 8]},
			"faces": {
				"north": {"uv": [0, 0, 0, 0], "texture": "#2"},
				"south": {"uv": [0, 0, 0, 0], "texture": "#2"},
				"up": {"uv": [0, 8, 16, 16], "rotation": 180, "texture": "#2"},
				"down": {"uv": [1, 0, 8.655, 16], "texture": "#1"}
			}
		},
		{
			"from": [6, 1.001, 2],
			"to": [10, 3.001, 3.5],
			"faces": {
				"north": {"uv": [1, 13, 11, 16], "texture": "#2"},
				"south": {"uv": [1, 13, 11, 16], "texture": "#2"},
				"up": {"uv": [0, 0, 4, 16], "rotation": 180, "texture": "#2"},
				"down": {"uv": [1, 0, 5, 16], "texture": "#1"}
			}
		},
		{
			"from": [5.172, 1.003, 2.343],
			"to": [10.828, 3.003, 3.343],
			"rotation": {"angle": -45, "axis": "y", "origin": [8, 0.5, 8]},
			"faces": {
				"north": {"uv": [0, 13, 12, 16], "texture": "#2"},
				"south": {"uv": [0, 13, 12, 16], "texture": "#2"},
				"up": {"uv": [0, 8, 16, 16], "rotation": 90, "texture": "#2"},
				"down": {"uv": [1, 0, 6.656, 16], "texture": "#1"}
			}
		},
		{
			"from": [12.5, 1.001, 6],
			"to": [14, 3.001, 10],
			"faces": {
				"east": {"uv": [1, 13, 11, 16], "texture": "#2"},
				"west": {"uv": [1, 13, 11, 16], "texture": "#2"},
				"up": {"uv": [0, 0, 4, 16], "rotation": 270, "texture": "#2"},
				"down": {"uv": [1, 0, 5, 16], "rotation": 270, "texture": "#1"}
			}
		},
		{
			"from": [6, 1.001, 12.5],
			"to": [10, 3.001, 14],
			"faces": {
				"north": {"uv": [1, 13, 11, 16], "texture": "#2"},
				"south": {"uv": [1, 13, 11, 16], "texture": "#2"},
				"up": {"uv": [0, 0, 4, 16], "texture": "#2"},
				"down": {"uv": [1, 0, 5, 16], "rotation": 180, "texture": "#1"}
			}
		},
		{
			"from": [12.343, 1.003, 5.172],
			"to": [13.657, 3.003, 10.828],
			"rotation": {"angle": -45, "axis": "y", "origin": [8, 0.5, 8]},
			"faces": {
				"east": {"uv": [0, 13, 12, 16], "texture": "#2"},
				"west": {"uv": [0, 13, 12, 16], "texture": "#2"},
				"up": {"uv": [0, 8, 16, 16], "rotation": 180, "texture": "#2"},
				"down": {"uv": [1, 0, 6.656, 16], "rotation": 270, "texture": "#1"}
			}
		},
		{
			"from": [5.172, 1.003, 12.157],
			"to": [10.828, 3.003, 13.657],
			"rotation": {"angle": -45, "axis": "y", "origin": [8, 0.5, 8]},
			"faces": {
				"north": {"uv": [0, 13, 12, 16], "texture": "#2"},
				"south": {"uv": [0, 13, 12, 16], "texture": "#2"},
				"up": {"uv": [0, 8, 16, 16], "rotation": 270, "texture": "#2"},
				"down": {"uv": [1, 0, 6.656, 16], "rotation": 180, "texture": "#1"}
			}
		},
		{
			"from": [7, 1.24, 7],
			"to": [9, 10.24, 9],
			"faces": {
				"north": {"uv": [0, 0, 16, 4], "rotation": 270, "texture": "#3"},
				"east": {"uv": [0, 0, 16, 4], "rotation": 270, "texture": "#3"},
				"south": {"uv": [0, 0, 16, 4], "rotation": 270, "texture": "#3"},
				"west": {"uv": [0, 0, 16, 4], "rotation": 270, "texture": "#3"},
				"up": {"uv": [0, 0, 2, 2], "rotation": 180, "texture": "#2"}
			}
		},
		{
			"from": [7, 1.24, 7],
			"to": [9, 10.24, 9],
			"rotation": {"angle": -45, "axis": "y", "origin": [8, 10.5, 8]},
			"faces": {
				"north": {"uv": [0, 0, 16, 4], "rotation": 270, "texture": "#3"},
				"east": {"uv": [0, 0, 16, 4], "rotation": 270, "texture": "#3"},
				"south": {"uv": [0, 0, 16, 4], "rotation": 270, "texture": "#3"},
				"west": {"uv": [0, 0, 16, 4], "rotation": 270, "texture": "#3"},
				"up": {"uv": [0, 0, 2, 2], "rotation": 180, "texture": "#2"}
			}
		},
		{
			"from": [7, 11, 7],
			"to": [9, 13.25, 9],
			"faces": {
				"north": {"uv": [0, 0, 16, 4], "rotation": 270, "texture": "#4"},
				"east": {"uv": [0, 0, 16, 4], "rotation": 270, "texture": "#4"},
				"south": {"uv": [0, 0, 16, 4], "rotation": 270, "texture": "#4"},
				"west": {"uv": [0, 0, 16, 4], "rotation": 270, "texture": "#4"},
				"up": {"uv": [0, 0, 2, 2], "rotation": 180, "texture": "#4"},
				"down": {"uv": [0, 0, 0, 0], "texture": "#4"}
			}
		},
		{
			"from": [7, 11, 7],
			"to": [9, 13.25, 9],
			"rotation": {"angle": -45, "axis": "y", "origin": [8, 12, 8]},
			"faces": {
				"north": {"uv": [0, 0, 16, 4], "rotation": 270, "texture": "#4"},
				"east": {"uv": [0, 0, 16, 4], "rotation": 270, "texture": "#4"},
				"south": {"uv": [0, 0, 16, 4], "rotation": 270, "texture": "#4"},
				"west": {"uv": [0, 0, 16, 4], "rotation": 270, "texture": "#4"},
				"up": {"uv": [0, 0, 2, 2], "rotation": 180, "texture": "#4"},
				"down": {"uv": [0, 0, 0, 0], "texture": "#4"}
			}
		},
		{
			"from": [7, 11, 7],
			"to": [9, 13.25, 9],
			"rotation": {"angle": 45, "axis": "x", "origin": [8, 12, 8]},
			"faces": {
				"north": {"uv": [0, 0, 16, 4], "rotation": 270, "texture": "#4"},
				"east": {"uv": [0, 0, 16, 4], "rotation": 270, "texture": "#4"},
				"south": {"uv": [0, 0, 16, 4], "rotation": 270, "texture": "#4"},
				"west": {"uv": [0, 0, 16, 4], "rotation": 270, "texture": "#4"},
				"up": {"uv": [0, 0, 2, 2], "rotation": 180, "texture": "#4"},
				"down": {"uv": [0, 0, 0, 0], "texture": "#4"}
			}
		},
		{
			"from": [7, 11, 7],
			"to": [9, 13.25, 9],
			"rotation": {"angle": 45, "axis": "z", "origin": [8, 12, 8]},
			"faces": {
				"north": {"uv": [0, 0, 16, 4], "rotation": 270, "texture": "#4"},
				"east": {"uv": [0, 0, 16, 4], "rotation": 270, "texture": "#4"},
				"south": {"uv": [0, 0, 16, 4], "rotation": 270, "texture": "#4"},
				"west": {"uv": [0, 0, 16, 4], "rotation": 270, "texture": "#4"},
				"up": {"uv": [0, 0, 2, 2], "rotation": 180, "texture": "#4"},
				"down": {"uv": [0, 0, 0, 0], "texture": "#4"}
			}
		}
	],
	"groups": [
		{
			"name": "Base",
			"children": [0, 1, 2, 3]
		},
		{
			"name": "Dish",
			"children": [4, 5, 6, 7, 8, 9, 10, 11]
		},
		{
			"name": "group",
			"children": [12, 13, 14, 15, 16, 17]
		}
	]
}